municipio_id,municipio,MAE,MAPE
8019,Barcelona,0.0033085238188164112,9.5945871808035e-05
28079,Madrid,1.1380182570519537e-05,3.116687817854693e-07
41091,Sevilla,0.00875042070560994,0.00043085810590450245
46250,Valencia,5.730422572014504e-07,2.6861132528670357e-08
